ID,name,postalCode,latitude,longitude,"Buy Online Pick Up In Store","Buy Online Pick Up Curbside","Local Store Delivery",aland,median_household_income,median_household_income_moe,average_household_income,average_household_income_moe,per_capita_income,per_capita_income_moe,percent_of_households_with_incomes_200000_or_more,percent_of_households_with_incomes_200000_or_more_[0],householder_under_25_years,householder_under_25_years_moe,householder_25_to_44_years,householder_25_to_44_years_moe,householder_45_to_64_years,householder_45_to_64_years_moe,householder_65_years_and_over,householder_65_years_and_over_moe,hhi_total,hhi_lt_25k,hhi_25k_to_49k,hhi_50k_to_749k,hhi_75k_to_999k,hhi_100k_to_1490k,hhi_150k_to_1999k,hhi_200k_or_more,race_and_ethnicity_total,race_and_ethnicity_white,race_and_ethnicity_black,race_and_ethnicity_native,race_and_ethnicity_asian,race_and_ethnicity_islander,race_and_ethnicity_other,race_and_ethnicity_two,race_and_ethnicity_hispanic,population_density_sq_mi,age_total,age_female_0_to_9,age_female_10_to_19,age_female_20_to_29,age_female_30_to_39,age_female_40_to_49,age_female_50_to_59,age_female_60_to_69,age_female_70_plus,age_male_0_to_9,age_male_10_to_19,age_male_20_to_29,age_male_30_to_39,age_male_40_to_49,age_male_50_to_59,age_male_60_to_69,age_male_70_plus,median_age,educational_attainment_population_25_years_and_over,educational_attainment_no_diploma,educational_attainment_high_school,educational_attainment_some_college,educational_attainment_bachelors,educational_attainment_graduate,family_households_total,family_poverty_pct,employment_status_civilian_labor_force,unemployment_pct,housing_units,median_value_of_owner_occupied_units,households,hh_families,hh_mc_families,hh_mc_with_own_children_under_18,hh_sp_families,hh_sp_with_own_children_under_18,hh_non_families,SIMULATED_SALES,postalCode,DOMESTICMIG2019,NETMIG2019
Kentucky-Jeffersontown,"Louisville At Home",40299,38.221307,-85.540602,TRUE,TRUE,TRUE,137572400,75396,3455,93934,3818,37139,1530,0.07,0.01,45542,9248,90401,6592,85853,8260,54395,4473,16127,1387,3415,3219,2209,3260,1472,1165,41463,32403,4825,71,1379,23,104,859,1799,780.6,41463,2213,2991,2214,2888,2560,3228,2648,2563,2732,2932,2136,2986,2420,2406,2496,2050,39.5,28707,0.05,0.24,0.31,0.24,0.16,11173,0.04,22581,0.03,16794,212700,16127,11173,8799,3652,2374,1163,4954,12296811,40299,-3669,-3170
"Oklahoma-Oklahoma City","Oklahoma City At Home",73128,35.458639,-97.620831,TRUE,TRUE,TRUE,17130585,68654,16121,79626,9276,29096,3512,0.05,0.03,81364,17682,62606,6572,91433,11032,39750,7053,1528,153,333,334,317,303,20,68,4669,2914,0,75,662,0,0,179,839,705.9,4669,342,368,216,307,264,264,150,199,368,331,532,334,433,297,146,118,33,3011,0.13,0.29,0.32,0.18,0.09,998,0.03,2476,0.02,1873,150000,1528,998,684,338,314,153,530,13153554,73128,3822,8306
"North Carolina-Charlotte","Pineville At Home",28134,35.077265,-80.876606,TRUE,TRUE,TRUE,22201903,60116,5995,80729,6488,32963,2790,0.08,0.02,41364,24581,69933,16443,77054,24925,40917,8220,4274,799,933,866,453,652,243,328,11037,5591,2996,21,731,0,0,300,1398,1287.5,11037,720,578,693,890,1099,608,513,868,954,589,557,835,779,526,398,430,38.5,7722,0.08,0.19,0.3,0.32,0.11,2581,0.08,5763,0.04,4456,213400,4274,2581,1775,644,806,533,1693,12838723,28134,4382,8717
Oklahoma-Tulsa,"Tulsa At Home",74146,36.090611,-95.854295,TRUE,TRUE,TRUE,13192635,35483,2139,45976,2563,16605,902,0.01,0.01,31442,6727,32541,3950,44028,7452,33750,16910,5601,1968,1606,1102,425,372,77,51,16163,4636,1640,353,539,117,0,676,8202,3173.1,16163,1558,1286,1492,1137,893,783,639,316,1524,1475,1355,1285,940,654,543,283,27.9,8947,0.23,0.4,0.27,0.09,0.02,3512,0.24,7922,0.07,6141,95800,5601,3512,1945,1073,1567,1032,2089,13022039,74146,150,1277
Georgia-Kennesaw,"Kennesaw At Home",30144,34.023231,-84.569042,TRUE,TRUE,TRUE,58419859,70574,4080,88308,4207,33146,1793,0.06,0.01,42171,7008,76584,2319,90341,12033,46337,7786,20568,2878,4200,3735,3789,3085,1692,1189,56781,32621,11926,212,2727,13,418,2063,6801,2517.3,56781,3054,4759,6496,4040,3729,3536,2410,2054,3451,4635,5370,3167,4014,2772,2191,1103,30.8,34064,0.06,0.19,0.31,0.29,0.15,12372,0.06,32959,0.04,21633,205300,20568,12372,8988,4311,3384,1736,8196,14388649,30144,-2114,-360
Georgia-Norcross,"Norcross At Home",30093,33.928495,-84.172719,TRUE,TRUE,TRUE,30864591,44986,2450,52772,2236,18389,828,0.01,0,38389,13187,42454,2998,53043,4959,43202,5777,18201,4032,6158,4490,1687,1294,390,150,56290,5034,13021,38,5695,0,67,1441,30994,4723.5,56290,4178,4185,5334,4803,3675,2504,1490,976,5564,4517,5960,5466,3532,2342,1196,568,28.6,32856,0.32,0.29,0.22,0.13,0.04,11812,0.19,29922,0.03,19851,138900,18201,11812,6927,4008,4885,3061,6389,8750207,30093,-59,2289
Georgia-Stockbridge,"Stockbridge At Home",30281,33.546957,-84.282796,TRUE,TRUE,TRUE,181830076,60035,4622,73486,3680,27403,1448,0.04,0.01,44625,17017,55000,4884,74830,7380,46905,5743,24533,3745,6230,5243,3707,3661,1050,897,68456,23536,33221,118,3362,0,429,1747,6043,975.1,68456,4238,5011,5106,4468,5746,4791,3727,2442,5015,5300,4401,3917,4650,4446,2896,2302,35.7,44085,0.11,0.3,0.33,0.18,0.09,17909,0.09,35311,0.06,26883,156400,24533,17909,11613,4370,6296,3799,6624,13221403,30281,3894,3920
Illinois-O'Fallon,"O'Fallon At Home",62269,38.586065,-89.941936,TRUE,TRUE,TRUE,69988827,86232,6960,109752,7715,41680,2845,0.1,0.01,34375,12999,90212,8931,109192,8681,58432,9615,11867,1191,2187,1811,1647,2409,1406,1216,31567,23862,4010,34,976,0,177,1045,1463,1168.2,31567,2471,2054,1597,2261,2384,2166,1780,1494,2248,2336,1738,2301,2040,1879,1728,1090,37.9,20774,0.04,0.18,0.32,0.24,0.22,8581,0.03,15541,0.05,12686,205000,11867,8581,6913,3056,1668,980,3286,8147681,62269,-2115,-2054
Kentucky-Lexington,"Lexington At Home",40509,38.02637,-84.417605,TRUE,TRUE,FALSE,106489533,77436,4334,105149,5035,43143,1955,0.1,0.01,32357,7478,84611,5311,89551,6299,55750,5401,16874,1978,3452,2741,2229,3209,1605,1660,41645,30621,5300,11,2559,33,125,1101,1895,1012.9,41645,2814,2509,3030,3567,3018,2569,2091,1887,3155,2402,2868,3510,3049,2314,1711,1151,36,28013,0.05,0.15,0.27,0.3,0.23,10858,0.05,23957,0.04,18200,242100,16874,10858,8294,3902,2564,1358,6016,10747911,40509,-943,-701
Ohio-Hilliard,"Hilliard At Home",43026,40.02583,-83.120477,TRUE,TRUE,TRUE,90832626,89129,4158,105877,4404,40590,1629,0.09,0.01,42533,18608,92731,6006,105951,3750,50562,7035,23919,2725,3762,3418,3521,5375,2890,2228,63047,51257,3724,55,3544,0,59,1514,2894,1797.7,63047,4214,4473,4088,4952,4654,4380,2904,2307,4582,5128,3462,4798,4153,4374,3037,1541,35.3,41378,0.04,0.17,0.26,0.33,0.21,16809,0.06,36220,0.03,24662,224900,23919,16809,12991,6281,3818,2467,7110,9679402,43026,-2967,628
"North Carolina-Greensboro","Greensboro At Home",27407,36.053332,-79.898028,TRUE,TRUE,TRUE,78578333,50647,2643,65421,3191,26465,1298,0.03,0.01,26596,7842,51936,3810,57629,3414,41337,8118,20264,4504,5493,4200,2331,2463,620,653,51900,19664,16311,404,6008,22,327,1711,7453,1710.7,51900,3693,3181,4883,4147,2959,2989,2673,2296,4029,3040,3806,3642,3423,3220,2367,1552,33.9,34148,0.12,0.23,0.31,0.23,0.1,12606,0.13,27270,0.05,22527,140700,20264,12606,8102,3672,4504,2817,7658,11709817,27407,1947,3079
Missouri-Fenton,"Fenton At Home",63026,38.51001,-90.441019,TRUE,TRUE,TRUE,65573657,80420,3054,97904,3389,37336,1443,0.09,0.01,40586,14526,88684,6191,89473,8191,61621,3304,16703,2030,2554,3090,2878,3396,1308,1447,44333,40751,358,68,951,17,26,808,1354,1751,44333,2835,2885,2067,2705,3091,3424,2807,2450,2617,3462,2280,2894,3098,3481,2636,1601,40.8,30442,0.07,0.24,0.32,0.25,0.12,12354,0.06,24192,0.04,17497,204700,16703,12354,9547,3940,2807,1379,4349,8524758,63026,1567,1954
"Arkansas-Little Rock","Little Rock At Home",72211,34.74786,-92.405495,TRUE,TRUE,FALSE,19508112,64168,4376,91212,6003,40885,2646,0.09,0.02,25225,6489,63357,8919,81442,9032,56250,14330,9855,1657,2333,1577,1334,1355,725,874,22553,13647,5276,23,1827,0,220,487,1073,2994.2,22553,1791,738,2245,1889,1313,1435,1558,1128,1563,897,1906,1773,1332,1163,1077,745,34.9,15925,0.03,0.16,0.27,0.32,0.23,5410,0.08,13090,0.03,11161,191500,9855,5410,3842,1401,1568,936,4445,12450369,72211,-1415,-1262
"North Carolina-Concord","Concord At Home",28027,35.363908,-80.715673,TRUE,TRUE,TRUE,177761879,76776,4172,96292,4053,34776,1462,0.09,0.01,30669,12256,86417,3378,85862,4019,45095,3729,23794,3012,4567,4102,3800,4198,1982,2133,68716,43181,11998,426,3929,10,209,1280,7683,1001.2,68716,3958,5321,3862,5610,5281,4752,3265,3569,4964,4715,3948,4426,5617,4111,3056,2261,37.8,45677,0.1,0.23,0.3,0.23,0.14,17674,0.05,37058,0.04,26422,225500,23794,17674,13663,6672,4011,2333,6120,10391871,28027,3756,3941
Ohio-Springdale,"Springdale At Home",45246,39.291759,-84.459923,FALSE,FALSE,FALSE,26394188,58376,5561,81988,8027,35560,3864,0.06,0.02,-1,-1,55987,16661,76318,8153,46071,4801,6186,1400,1355,1129,876,949,136,341,14467,6940,4560,0,310,0,18,189,2450,1419.6,14467,1020,1008,497,836,967,889,789,1374,989,887,805,878,977,1017,703,831,42.1,10108,0.11,0.28,0.26,0.21,0.14,3473,0.15,7274,0.05,6569,136000,6186,3473,2389,888,1084,492,2713,5857797,45246,-1811,-740
Michigan-Utica,"Utica At Home",48315,42.629409,-83.005321,TRUE,TRUE,TRUE,33073223,83028,5776,107822,6570,43028,2500,0.12,0.02,-1,-1,108708,18801,107566,13589,53980,3108,10875,1429,1866,1824,1191,2169,1103,1293,27662,24776,680,0,1024,0,39,570,573,2166.2,27662,1220,1884,1135,1136,1848,2307,2293,2946,1365,1674,1310,1201,1441,2062,1795,2045,48.9,20178,0.06,0.24,0.36,0.2,0.14,7928,0.04,13062,0.03,11111,278600,10875,7928,6704,2495,1224,409,2947,8940688,48315,-653,628
Pennsylvania-Coraopolis,"Coraopolis At Home",15108,40.455492,-80.18182,TRUE,TRUE,TRUE,102266189,79083,4405,101318,4066,42001,1787,0.09,0.01,34149,13299,89344,6566,103914,7587,49753,2855,16843,2043,3077,2916,2162,3693,1402,1550,40971,35223,2276,70,1507,0,100,1210,585,1037.6,40971,2280,2472,2190,2874,2567,2805,2367,2605,2100,2837,2713,2683,2825,2964,2430,2259,40.7,28710,0.05,0.22,0.26,0.31,0.16,10631,0.03,22868,0.04,18249,198400,16843,10631,8794,3409,1837,899,6212,10312355,15108,-2543,-151
Nebraska-Omaha,"Omaha At Home",68144,41.235511,-96.11593,TRUE,TRUE,TRUE,19372797,71444,5079,89940,3920,38733,1781,0.06,0.01,48083,9556,78333,8647,80089,5492,54539,5257,9923,1218,1926,2049,1451,1915,777,587,23308,20623,673,89,390,5,0,300,1228,3116.1,23308,1481,1533,1305,1568,1510,1546,1668,1506,1461,1538,1182,1489,1228,1581,1606,1106,40.3,16325,0.03,0.19,0.32,0.3,0.15,6123,0.03,13188,0.02,10544,172300,9923,6123,4839,1905,1284,726,3800,12221078,68144,-677,719
Georgia-Douglasville,"Douglasville At Home",30135,33.725769,-84.765915,TRUE,TRUE,TRUE,216899207,76057,2735,88252,3371,30220,1209,0.05,0.01,42202,19702,81158,4129,85956,5618,56936,4302,22412,3094,3565,4336,3762,4690,1910,1055,67710,30710,29320,28,1002,34,108,1191,5317,808.5,67710,4031,5313,3717,4682,5234,5099,4093,3008,4475,5576,4108,3903,4355,4575,3245,2296,37.7,44260,0.11,0.29,0.29,0.19,0.12,16926,0.08,35106,0.07,23974,171100,22412,16926,12534,5254,4392,2384,5486,9108027,30135,615,653
Illinois-Aurora,"Aurora At Home",60504,41.7716,-88.208821,TRUE,TRUE,TRUE,22923180,84598,5182,104527,4025,36369,1770,0.1,0.02,55781,13143,77184,7789,106738,7427,42528,10700,13332,1241,2205,2473,1896,2921,1250,1346,39070,18259,4092,23,6445,0,16,1050,9185,4414.3,39070,2858,2705,2810,3174,3550,2442,1274,928,2695,3330,3005,2720,3291,2367,1294,627,34,24207,0.1,0.17,0.28,0.28,0.17,9628,0.05,22530,0.05,14425,204500,13332,9628,7771,4520,1857,955,3704,6476227,60504,-3026,-3107
Kentucky-Florence,"Florence At Home",41042,39.018717,-84.626677,TRUE,TRUE,TRUE,74393754,61118,3447,79044,3154,32392,1153,0.05,0.01,37017,6418,63151,4335,82168,11786,42790,4478,20678,3426,5050,3806,2664,3402,1358,972,52185,43925,2279,27,1645,0,325,1136,2848,1816.8,52185,3085,3643,3175,3149,3676,3808,3103,3165,3233,3416,3588,3441,3462,3067,3004,2170,38.7,35561,0.09,0.3,0.35,0.17,0.1,13347,0.07,28362,0.05,21968,156700,20678,13347,9358,3549,3989,2350,7331,7499219,41042,943,943
Florida-Orlando,"Orlando At Home",32817,28.56728,-81.220875,TRUE,TRUE,TRUE,29091775,62421,4355,79005,3789,27505,1332,0.05,0.01,25285,4615,64160,5026,88008,7310,53894,9466,11593,2232,2453,2146,1814,1712,658,578,35737,17685,2762,0,3138,0,236,885,11031,3181.6,35737,1615,2360,4067,2077,2043,2038,1801,1438,1489,2529,5763,1913,2103,1940,1296,1265,30.1,21496,0.08,0.22,0.34,0.23,0.12,7330,0.08,19515,0.05,13223,220400,11593,7330,5599,2012,1731,809,4263,8731995,32817,-3333,3925
Indiana-Noblesville,"Noblesville At Home",46060,40.042105,-85.996857,TRUE,TRUE,TRUE,206896156,78300,4762,93535,5055,33665,1672,0.07,0.02,47340,13385,86066,3722,83125,15686,61637,11763,14688,1575,2887,2445,2576,3091,1125,989,41461,35221,2337,24,656,16,24,1329,1854,519,41461,3116,3603,2894,3253,2949,2192,2032,1413,3009,3121,3065,3230,3082,1931,1486,1085,33.3,25570,0.07,0.24,0.26,0.29,0.14,10596,0.05,23107,0.04,16042,199300,14688,10596,8410,4522,2186,1450,4092,9035318,46060,4962,5754
Indiana-Greenwood,"Greenwood At Home",46227,39.653643,-86.137769,TRUE,TRUE,TRUE,43396390,42816,1928,56060,3198,24404,1341,0.02,0.01,28787,5031,43396,3819,54171,5033,35034,4972,22198,6052,6845,4363,2415,1592,532,399,54876,37464,3761,41,8313,9,170,1682,3436,3275.1,54876,3651,3189,5008,4088,2868,3259,2843,3652,3894,2969,4713,4247,2868,3249,2223,2155,34.7,36247,0.17,0.36,0.26,0.15,0.07,11309,0.13,27523,0.04,24880,131600,22198,11309,7323,2838,3986,2114,10889,6177245,46227,-4866,-107
Arizona-Mesa,"Mesa At Home",85206,33.380175,-111.740978,TRUE,TRUE,TRUE,24706996,51993,2275,70893,5629,30960,2316,0.03,0.01,38806,7309,62729,2550,64136,8815,42585,2761,15645,3316,4104,3413,1818,1861,717,416,37230,26735,2049,413,426,19,0,477,7111,3902.8,37230,1839,1795,2461,1992,1548,2061,2781,5028,2318,1908,2954,1946,1410,1802,1774,3613,45,27105,0.08,0.28,0.39,0.18,0.08,9107,0.08,16161,0.05,18968,200500,15645,9107,6781,1909,2326,1182,6538,8206899,85206,57477,62997
"North Carolina-Raleigh","Raleigh At Home",27604,35.848172,-78.585344,TRUE,TRUE,TRUE,55946787,63850,2911,76193,2755,31000,1348,0.04,0.01,53382,16012,65462,5186,69393,2972,47844,7016,18822,2866,4455,3601,3360,2939,805,796,48494,19838,15796,45,2033,48,12,1024,9698,2245,48494,2427,2725,4122,3772,3597,3077,2329,2054,3425,3243,3831,3888,3869,2923,1667,1545,36.3,33415,0.14,0.2,0.29,0.25,0.13,11429,0.1,28563,0.04,20447,177600,18822,11429,7421,3039,4008,2155,7393,12512010,27604,10857,14022
Ohio-Columbus,"Columbus At Home",43213,39.95617,-82.835137,TRUE,TRUE,TRUE,23360410,43706,2172,57021,4462,24893,1951,0.02,0.01,27379,7575,40725,5989,50743,4979,42220,3004,13827,3718,3962,3208,1402,1017,310,210,33130,11707,15023,18,636,5,91,1400,4250,3673.2,33130,2238,1910,2976,2525,2035,1795,1692,1944,2651,2053,2324,2782,1513,1862,1786,1044,34.2,22216,0.12,0.36,0.31,0.15,0.07,7765,0.16,17583,0.08,15024,120600,13827,7765,3771,1289,3994,2359,6062,7592286,43213,-2967,628
Mississippi-Hattiesburg,"Hattiesburg At Home",39402,31.326189,-89.377302,TRUE,TRUE,TRUE,227648673,61082,4109,86072,5867,34047,2420,0.06,0.01,25863,8785,60744,3722,80481,6257,55116,10428,15577,3301,3226,2521,1957,2644,998,930,40860,27613,10159,16,776,0,0,910,1386,464.9,40860,2081,2731,3745,3661,2080,2702,2328,2416,2687,2289,3292,2734,2145,2077,2226,1666,36.2,27384,0.08,0.16,0.3,0.27,0.19,10088,0.1,20663,0.09,17130,192000,15577,10088,7348,2878,2740,1408,5489,5707127,39402,-404,-250
Mississippi-Gulfport,"Gulf Port At Home",39503,30.426437,-89.089031,TRUE,TRUE,FALSE,312581343,53746,2396,68375,4107,25330,1476,0.03,0.01,45461,20228,48707,5309,68309,10283,47184,8281,19737,4516,4529,3858,2656,2838,807,533,55692,34547,15843,320,672,10,37,1499,2764,461.5,55692,4102,4337,3953,4756,3722,3119,2542,2366,4698,3477,4079,4020,3058,3276,2405,1782,33.7,35075,0.09,0.29,0.38,0.16,0.07,14391,0.15,26528,0.08,22355,144200,19737,14391,9690,4269,4701,2457,5346,5864318,39503,1088,1208
Colorado-Broomfield,"Broomfield At Home",80020,39.920675,-105.088948,TRUE,TRUE,TRUE,51303717,94439,3877,117712,6407,46464,2672,0.11,0.01,43621,11195,96053,6583,114368,3890,56658,5289,19767,1712,2656,3236,2882,4580,2472,2229,50491,38479,461,156,3016,11,241,1228,6899,2549,50491,2807,2921,3096,3767,3687,3561,2485,2325,3234,3565,3256,4219,3827,3723,2390,1628,38.1,35185,0.04,0.17,0.29,0.32,0.18,13524,0.03,30402,0.03,20150,366700,19767,13524,11114,4951,2410,1195,6243,9511552,80020,791,896
"New Jersey-Cherry Hill","Cherry Hill At Home",8002,39.944529,-75.021585,TRUE,TRUE,TRUE,18634063,82285,5913,107821,10149,42930,3945,0.1,0.02,56333,47012,96453,19890,106172,17862,49726,11625,8956,1411,1333,1343,1115,1870,1031,853,22964,15594,1461,0,2949,0,125,701,2134,3191.8,22964,1145,1465,1042,1935,1451,1463,1686,1868,1148,1296,1400,1670,1523,1436,1203,1233,41.4,16708,0.08,0.21,0.3,0.24,0.17,5750,0.06,13135,0.04,9835,237600,8956,5750,4593,1916,1157,390,3206,8573420,80020,791,896
"Colorado-Colorado Springs","Colorado Springs At Home",80909,38.837755,-104.75506,TRUE,TRUE,TRUE,21696922,45471,3367,59183,2554,26016,1259,0.01,0.01,31563,8180,48145,7934,48640,4932,39256,5670,16197,4421,4300,3100,1667,2088,388,233,38382,24506,2551,151,593,53,26,1545,8957,4581.7,38382,2558,2185,3252,2377,1871,2575,2211,2385,2570,1781,3797,2871,2086,2476,1657,1730,35.1,26316,0.09,0.27,0.37,0.17,0.1,9075,0.14,19793,0.05,16913,219400,16197,9075,5468,2035,3607,1786,7122,7255854,80909,3099,3625
Michigan-Kalamazoo,"Kalamazoo At Home",49008,42.270413,-85.646813,TRUE,TRUE,FALSE,16936189,52944,2574,80158,6892,33228,2772,0.06,0.02,40329,14398,52295,4568,65489,15144,45106,6337,6863,1527,1719,1282,749,904,272,410,17012,13231,1638,35,543,0,23,952,590,2601.6,17012,907,1029,1940,1099,860,750,941,1175,1000,992,2408,1021,790,613,831,656,31,10393,0.06,0.16,0.27,0.27,0.24,3371,0.1,9568,0.05,7241,156300,6863,3371,2610,1066,761,482,3492,6482200,49008,-715,-412
Florida-Kissimmee,"Kissimmee At Home",34741,28.306533,-81.432704,TRUE,TRUE,TRUE,38692454,38071,2113,50013,3832,19039,1342,0.01,0.01,25571,6536,39713,2713,36648,2937,35762,6127,15729,4884,5479,2657,1243,955,334,177,47710,9462,3045,0,2045,11,30,880,32237,3193.6,47710,3033,2789,3501,3948,2975,2598,2588,1837,4252,3476,3737,4117,3028,2210,2189,1432,33,31152,0.16,0.31,0.35,0.13,0.05,9544,0.26,23898,0.06,20833,162300,15729,9544,5826,2444,3718,2443,6185,7684017,34741,4041,5249
"Michigan-Georgetown Township","Jenison At Home",49428,42.902278,-85.790365,TRUE,TRUE,FALSE,42703323,75625,5555,84872,3789,31425,1361,0.04,0.01,41686,18502,86925,6121,99237,7523,43268,5926,10089,1410,1734,1883,1655,2296,751,360,27445,25053,253,40,190,0,0,752,1157,1664.6,27445,2180,1541,1599,1764,1711,1285,1902,1929,2201,1912,1674,1729,1644,1473,1525,1376,37.5,18013,0.05,0.28,0.35,0.23,0.09,7556,0.04,14341,0.03,10219,180300,10089,7556,6645,2922,911,521,2533,8149742,49428,438,733
"North Carolina-Durham","Durham At Home",27707,35.962759,-78.958733,TRUE,TRUE,TRUE,55147631,53561,3444,84403,5067,34213,1933,0.08,0.01,33558,18631,52992,3619,62266,6725,52471,7518,20317,4267,5213,3483,2042,2626,1101,1585,51414,19624,19171,134,2119,64,17,2150,8135,2414.6,51414,3197,3798,5013,4088,2888,2940,2627,2274,3578,3018,4532,4399,3020,2540,2149,1353,32.6,33155,0.14,0.16,0.19,0.24,0.27,11288,0.14,27867,0.05,22168,246200,20317,11288,6909,2937,4379,2354,9029,7692046,27707,1176,2552
Arizona-Peoria,"Peoria At Home",85345,33.576836,-112.25634,TRUE,TRUE,TRUE,33808213,53383,2195,63650,2154,23905,1795,0.01,0,44250,11062,56348,4366,65070,5522,35494,3827,19842,3783,5386,4159,3009,2743,570,192,57351,30118,2229,553,1882,101,9,1875,20584,4393.6,57351,4030,3253,4140,3857,3837,3626,3382,2987,3969,4369,4448,3627,3109,3827,2941,1949,35.2,37927,0.14,0.29,0.39,0.14,0.05,13477,0.09,28615,0.07,21389,168800,19842,13477,8870,3655,4607,2251,6365,10197315,85345,57477,62997
Ypsilanti,"Ypsilanti At Home",48197,42.251186,-83.659813,TRUE,TRUE,TRUE,108574120,61341,2908,78473,2009,31428,880,0.05,0.01,35381,4250,67347,3541,77044,4584,47540,4387,25517,5223,5714,4181,3453,4168,1464,1314,68108,40481,16653,140,3436,22,211,2942,4223,1624.7,68108,3690,5016,7910,5011,4209,3699,2907,2249,3768,4950,8381,4807,3947,3131,2808,1625,30.3,40960,0.08,0.16,0.33,0.26,0.18,13585,0.09,39168,0.06,26951,197400,25517,13585,9734,4058,3851,2045,11932,5303216,48197,-4098,-2938
Arizona-Phoenix,"Phoenix At Home",85028,33.59568,-112.011799,TRUE,TRUE,TRUE,25959566,92357,8253,119734,7469,50883,3206,0.15,0.02,-1,-1,118656,7726,108551,8825,59859,7147,8080,994,1168,1056,1165,1641,847,1209,19334,15589,294,111,299,41,43,789,2168,1929,19334,1189,1009,633,1079,1397,1530,1557,1891,925,1000,622,961,1206,1327,1415,1593,48.2,14592,0.03,0.14,0.31,0.3,0.22,5406,0.03,10321,0.03,8780,376800,8080,5406,4403,1509,1003,416,2674,8185220,85028,57477,62997
Missouri-Springfield,"Springfield At Home",65807,37.146351,-93.294632,TRUE,TRUE,FALSE,56221895,42321,1836,53531,2438,23964,1205,0.01,0,29463,4175,47974,3548,52675,4502,34786,2274,25835,6704,8449,5647,2491,1778,506,260,58103,48352,2866,239,1523,45,89,2405,2584,2676.6,58103,2874,3495,7902,3106,2594,3173,2845,4099,2535,3417,7579,3950,2790,2762,2453,2529,31.1,35849,0.07,0.28,0.37,0.2,0.09,12454,0.1,31478,0.04,27368,127800,25835,12454,8806,2403,3648,2077,13381,10181894,65807,1310,1534
"Florida-Orange Park","Orange Park At Home",32073,30.189285,-81.735458,TRUE,TRUE,TRUE,42711775,60088,3239,74138,3745,28395,1359,0.03,0.01,29375,22016,59219,3162,69805,12253,58028,6673,15384,2465,3684,3237,2308,2443,870,377,42520,24410,8237,0,1601,0,190,2038,6044,2578.4,42520,2434,2252,3336,2952,2762,2823,2745,2500,2768,2449,3546,2621,2542,2638,2287,1865,37.6,29525,0.08,0.28,0.39,0.17,0.08,11132,0.09,21984,0.07,16290,173600,15384,11132,7835,2937,3297,1666,4252,10726285,32073,2875,3045
Georgia-Buford,"Buford At Home",30518,34.09757,-84.010072,TRUE,TRUE,TRUE,103037558,80839,4865,97829,5114,32344,1732,0.08,0.01,64474,15390,86848,8760,98929,8731,49000,10586,16974,2275,2764,2804,2322,3715,1790,1304,53780,30566,7360,143,4122,0,13,1206,10370,1351.8,53780,3551,4744,3048,3679,4704,3425,2294,1989,4074,4255,3150,3734,4308,3274,2266,1285,36.4,34262,0.14,0.25,0.26,0.24,0.12,13209,0.07,27429,0.03,18121,244500,16974,13209,10378,5389,2831,1381,3765,9238081,30518,-59,2289
Ohio-Toledo,"Toledo At Home",43614,41.598474,-83.664955,TRUE,TRUE,FALSE,23456254,47496,2983,63485,4145,29941,2108,0.02,0.01,23824,15933,51204,4813,55601,6853,40592,3451,14303,3761,3780,2513,1539,1911,523,276,31100,22537,4875,47,734,0,89,828,1990,3434,31100,1891,1276,2643,2465,1460,2108,2390,2466,2059,1404,2328,2028,1787,1749,1749,1297,37.9,22278,0.08,0.26,0.36,0.2,0.1,7562,0.13,15969,0.05,15373,119500,14303,7562,4974,1774,2588,1467,6741,7073959,43614,-2187,-2005
Alabama-Hoover,"Hoover At Home",35226,33.361415,-86.849728,TRUE,TRUE,TRUE,46333952,106905,4296,127955,7647,48236,2861,0.15,0.02,-1,-1,112500,10241,123708,7335,80719,5274,13117,1190,1509,1702,1720,3050,1956,1990,35331,27334,4704,14,1656,17,19,669,918,1974.9,35331,2584,2107,1909,2658,2509,2349,2058,1887,2821,2266,2005,2601,2119,2031,1926,1501,37.4,24077,0.02,0.12,0.2,0.36,0.3,9908,0.04,18887,0.03,13870,279600,13117,9908,8379,3759,1529,793,3209,8366741,35226,-2375,-1915
Missouri-O'Fallon,"O'Fallon At Home",63366,38.80131,-90.701856,TRUE,TRUE,TRUE,177965723,77041,3832,96114,4652,35992,1744,0.07,0.01,38693,26155,88164,5993,93371,9195,45657,3787,18498,2086,3011,3992,2828,3698,1669,1214,50402,44803,2068,53,1086,0,87,1131,1174,733.5,50402,2976,3386,2698,3557,3316,3773,2770,2584,3374,3859,3259,3594,3399,3452,2405,2000,38.2,33942,0.06,0.31,0.32,0.21,0.11,13522,0.04,27269,0.03,19356,204900,18498,13522,10383,4492,3139,1698,4976,8308102,63366,566,559
Iowa-Clive,"Clive At Home",50325,41.601858,-93.759352,TRUE,TRUE,FALSE,19951076,104554,5702,130372,7081,50328,3037,0.16,0.03,36094,34915,102580,18558,133828,14626,63087,11478,6592,638,725,961,846,1531,861,1030,17186,14134,643,0,1266,0,24,371,748,2231,17186,1483,1152,656,1122,1281,1227,992,924,1226,1234,586,1222,1245,1196,875,765,39.4,11540,0.04,0.12,0.26,0.37,0.2,4825,0.03,9349,0.03,6901,265100,6592,4825,4148,1924,677,506,1767,8782646,50325,777,1162
"Missouri-Lee's Summit","Lee'S Summit At Home",64086,38.922288,-94.359065,TRUE,TRUE,TRUE,96881292,86949,5894,102500,4580,39314,1621,0.09,0.02,38728,5917,94127,7920,98750,10383,61283,12980,8741,686,1303,1594,1562,1807,1001,788,22940,19311,1360,23,476,0,0,861,909,613.3,22940,1488,1618,1229,1751,1594,1587,1214,1028,1719,1774,1291,1324,1590,1796,1065,872,37,15181,0.03,0.2,0.3,0.3,0.16,6287,0.03,12544,0.03,9702,200000,8741,6287,5134,2364,1153,836,2454,7455652,64086,-845,-243
Mississippi-Jackson,"Jackson At Home",39211,32.395293,-90.13798,TRUE,TRUE,FALSE,31869347,64971,4846,88752,5239,38103,2489,0.07,0.02,25781,17632,58089,9745,85310,10421,62917,16219,10299,1442,2210,2158,1677,1455,621,736,24655,11452,12099,9,272,55,4,132,632,2003.7,24655,1355,1347,2508,1917,1415,1659,1288,1700,1291,1553,2232,2100,1130,1259,963,938,34.4,17244,0.03,0.11,0.32,0.32,0.23,6079,0.04,13986,0.03,11380,159600,10299,6079,4046,1263,2033,885,4220,7761179,39211,-5018,-4831
Kansas-Olathe,"Olathe At Home",66062,38.885016,-94.783134,TRUE,TRUE,TRUE,123870940,100355,2696,117513,3838,41510,1272,0.11,0.01,36450,4303,106748,3574,115137,4110,63105,3877,28440,2008,3949,4055,4144,7354,3818,3112,81780,64797,3894,134,4257,10,35,2151,6502,1709.9,81780,6411,6481,4668,6056,6318,5173,3772,2780,6351,6484,4424,6003,5983,5340,3301,2235,35,51462,0.04,0.13,0.27,0.37,0.19,21746,0.04,45306,0.03,29407,248300,28440,21746,18102,9176,3644,2529,6694,7974796,66062,299,1236
"New Mexico-Albuquerque","Albuquerque At Home",87112,35.084371,-106.527946,FALSE,TRUE,TRUE,20927369,51904,2386,66801,2749,29934,1264,0.03,0.01,30052,15583,52054,4042,61221,6841,45919,2781,18081,4222,4488,3390,2317,2247,857,560,42256,21989,1489,2087,916,0,119,927,14729,5229.6,42256,2322,2286,2471,2810,2688,2668,3192,3462,2431,2327,3055,2543,2314,2895,2327,2465,41.6,30393,0.08,0.23,0.37,0.18,0.14,10219,0.1,20832,0.05,19913,184800,18081,10219,6829,2305,3390,1622,7862,7141277,87112,-824,-51
Ohio-Elyria,"Sheffield Village At Home",44035,41.421969,-82.079244,TRUE,TRUE,TRUE,123681565,46372,1558,58448,1873,25653,845,0.01,0,22388,8130,44005,2368,55907,1972,42500,2255,26998,7103,7167,5406,3374,3082,491,375,63333,47224,8510,186,584,0,55,2606,4168,1326.2,63333,4116,3632,4476,3457,3708,4849,4387,4030,3665,4102,4155,3580,4171,4325,4017,2663,40.6,43400,0.12,0.34,0.38,0.11,0.05,15944,0.17,32009,0.06,29617,106300,26998,15944,9827,2914,6117,3826,11054,9860011,44035,612,720
Alabama-Huntsville,"Huntsville At Home",35816,34.747417,-86.603246,TRUE,TRUE,FALSE,13730174,25451,3187,35526,2770,17392,1496,0.01,0.01,14912,7871,23904,7698,30527,6407,29258,7684,6622,3259,1986,650,378,221,60,68,13971,2997,8922,51,449,0,93,354,1105,2635.4,13971,597,905,2409,747,544,755,649,768,986,748,1989,954,449,790,265,416,28,8216,0.15,0.27,0.32,0.17,0.09,2934,0.34,7543,0.11,8001,89000,6622,2934,1094,316,1840,942,3688,8332970,35816,4721,4951
"Georgia-Warner Robins","Warner Robins At Home",31093,32.616774,-83.653755,TRUE,TRUE,FALSE,50867091,42303,4472,53852,3647,22485,1595,0.02,0.01,27440,24374,39958,9685,55328,6120,36814,4530,11139,3299,3199,2283,962,901,319,176,27313,11748,12378,50,727,0,0,742,1668,1390.7,27313,1496,1661,1902,2211,1499,2039,1508,1746,1890,2168,1584,2112,1375,1593,1599,930,36.8,18548,0.13,0.35,0.36,0.12,0.06,7109,0.2,13006,0.09,12865,91400,11139,7109,4350,1821,2759,1496,4030,6551785,31093,1528,1669
Georgia-Snellville,"Snellville At Home",30078,33.857443,-84.009508,TRUE,TRUE,TRUE,43896720,71071,4933,95622,8402,31726,2554,0.07,0.02,22917,6660,58014,4483,84877,8660,65784,9387,11213,1312,2356,2215,1745,2027,752,806,35601,14318,12594,218,2966,0,286,726,4493,2100.5,35601,2375,2875,1776,2487,2527,2723,2089,1815,2195,2300,2242,2168,2540,2443,1754,1292,38.7,23720,0.07,0.23,0.33,0.23,0.14,9020,0.06,17921,0.04,11684,195400,11213,9020,6822,2844,2198,1200,2193,8643629,30078,-59,2289
Pennsylvania-Pittsburgh,"Pittsburgh At Home",15237,40.552261,-80.016618,TRUE,TRUE,TRUE,62734772,86599,2385,109602,3916,47844,1638,0.12,0.01,33810,23392,108561,8390,110068,6410,48636,5665,18286,2126,2880,2915,2573,3674,1951,2167,42561,38047,782,11,2108,0,106,491,1016,1757.1,42561,2181,1978,2106,2929,2273,3133,3151,3988,2702,2206,2447,2914,2487,2682,3055,2329,43.6,31764,0.04,0.18,0.22,0.32,0.24,11467,0.02,23322,0.03,19161,223000,18286,11467,9929,3777,1538,726,6819,7152675,15237,-2543,-151
Kansas-Wichita,"Wichita At Home",67207,37.66165,-97.232915,TRUE,TRUE,FALSE,26059255,52412,2587,67533,4711,27863,1978,0.03,0.01,31325,5646,52650,3993,66512,6869,43815,5366,11361,2480,2830,2370,1589,1473,283,336,28473,13855,4432,184,4562,9,36,1417,3978,2829.9,28473,2030,1516,2865,2366,1394,1767,1224,1362,2202,1444,3026,2373,1350,1225,1251,1078,31.9,18496,0.11,0.27,0.33,0.19,0.1,6365,0.12,16030,0.05,12724,146500,11361,6365,3860,1645,2505,1316,4996,7191471,67207,-240,382
Louisiana-Kenner,"Kenner At Home",70065,30.022847,-90.252695,TRUE,TRUE,TRUE,20830947,59567,3015,79686,4364,31400,1804,0.05,0.01,29800,14507,58086,4406,73398,5930,47092,7246,19222,3920,3931,3782,2869,2711,994,1015,50752,25215,9168,96,2352,0,275,568,13078,6310.2,50752,2954,3061,3629,3632,2849,3415,3889,2610,3762,3474,3129,3257,2757,3086,2951,2297,37.4,34204,0.12,0.29,0.29,0.2,0.09,12663,0.13,25972,0.04,21469,193500,19222,12663,9226,3462,3437,1769,6559,8820415,70065,-3646,-2613
"Missouri-Kansas City","Kansas City At Home",64155,39.2471,-94.57227,TRUE,TRUE,TRUE,28791004,85275,4655,93524,4134,35348,1612,0.05,0.02,50536,26102,92802,7980,94516,9516,55962,8647,8722,704,1328,1771,1389,2233,899,398,23905,19198,1777,42,488,0,11,632,1757,2150.5,23905,1688,1485,1441,2000,1679,1718,1287,963,1544,1640,1404,2008,1466,1691,1263,628,36.7,15902,0.05,0.21,0.33,0.29,0.12,6041,0.03,13756,0.04,9005,188200,8722,6041,4988,2318,1053,619,2681,7374596,64155,-845,-243
Arizona-Prescott,"Prescott At Home",86301,34.550615,-112.435303,TRUE,TRUE,FALSE,80130664,53190,3309,71471,6996,32314,3209,0.04,0.01,26558,7538,57500,9141,59483,8040,50884,3660,10121,1988,2657,2375,1010,1273,419,399,23087,20045,56,180,358,0,0,645,1803,746.2,23087,720,1421,1101,908,1162,1411,2417,2935,599,1516,1295,691,696,1315,2039,2861,55.6,17417,0.06,0.19,0.39,0.21,0.15,5958,0.07,8492,0.07,11417,287500,10121,5958,4994,924,964,361,4163,5736930,86301,4636,4564
Minnesota-Burnsville,"Burnsville At Home",55306,44.744423,-93.297167,TRUE,TRUE,TRUE,16092439,75026,3459,90282,4354,35610,2249,0.06,0.01,68929,33505,76928,7794,88047,11193,58027,4854,6350,743,1365,1065,988,1228,576,385,16387,10645,2164,17,807,0,8,550,2196,2637.4,16387,953,1121,1117,1111,985,1435,1048,910,955,1207,1042,978,983,1074,856,612,37.6,11069,0.11,0.2,0.29,0.29,0.11,4343,0.06,9687,0.05,6872,276200,6350,4343,3011,1079,1332,740,2007,7974517,55306,1160,1587
Oklahoma-Moore,"Moore At Home",73160,35.320068,-97.50357,TRUE,TRUE,TRUE,58190313,65528,2376,75492,2322,29759,934,0.02,0.01,32221,7790,71303,2700,76357,5080,43950,2928,22882,3190,5082,5078,4034,3679,1320,499,59509,42017,3623,2195,1275,0,57,4267,6075,2648.7,59509,4157,3255,5409,4935,3668,3491,2850,2569,4527,3565,5564,4945,3300,3450,2265,1559,33.6,38615,0.08,0.28,0.37,0.2,0.08,15540,0.06,33381,0.04,24215,140500,22882,15540,11265,5125,4275,2669,7342,8872937,73160,1852,2221
Minnesota-Blaine,"Blaine At Home",55449,45.166771,-93.159032,TRUE,TRUE,TRUE,55919940,106101,4404,128888,6714,46435,2377,0.15,0.02,75057,24792,124976,7060,109091,7598,61441,6955,10010,793,1012,1274,1468,2670,1260,1533,28165,22245,1096,167,2471,0,25,699,1462,1304.5,28165,1899,1970,1222,2342,2113,1947,1704,805,2235,2465,1060,2000,2674,1596,1404,729,37.9,18666,0.05,0.18,0.3,0.31,0.17,7630,0.04,15336,0.02,10338,299600,10010,7630,6661,3426,969,648,2380,8542308,55449,1216,1450
Iowa-Waterloo,"Waterloo At Home",50702,42.462509,-92.322307,TRUE,TRUE,FALSE,24477877,49258,3450,59893,2850,26279,1277,0.02,0.01,34500,10138,49043,4246,60811,3560,37263,4575,8347,1807,2411,1847,955,1013,180,134,19446,15023,2087,38,546,0,25,351,1376,2057.6,19446,1372,992,1231,1341,1191,1245,1030,1301,1088,1439,1533,1336,1158,1270,1010,909,37.5,13073,0.11,0.39,0.29,0.16,0.06,4768,0.08,10466,0.04,9224,116200,8347,4768,3482,1279,1286,774,3579,3642261,50702,-1129,-941
Louisiana-Lafayette,"Lafayette At Home",70508,30.162478,-92.056538,TRUE,TRUE,FALSE,64889577,74060,3331,106957,7094,45217,3083,0.13,0.02,33582,8825,78528,8373,98705,18841,55000,12864,16540,2894,2722,2822,1675,2664,1603,2160,40265,33023,4656,50,634,0,97,457,1348,1607.1,40265,2600,2410,2646,3281,2155,3053,2692,2062,2196,2425,2424,3204,2511,2551,2532,1523,38,28362,0.06,0.24,0.23,0.33,0.15,10399,0.08,22111,0.05,18577,252900,16540,10399,8023,3423,2376,1337,6141,9594126,70508,-113,71
Alabama-Mobile,"Mobile At Home",36608,30.685548,-88.227049,TRUE,TRUE,TRUE,162023741,51332,2605,74142,4178,32757,1666,0.06,0.01,14866,2847,50333,5635,60307,3374,56486,6806,14959,4182,3110,2697,1853,1635,558,924,35336,21216,11056,102,699,0,106,530,1627,564.9,35336,1819,2448,3634,2566,2127,2023,2092,2300,1648,2062,3211,2322,1780,1991,1645,1668,35.7,23481,0.09,0.23,0.29,0.24,0.15,7867,0.09,17490,0.04,17240,156800,14959,7867,5675,1939,2192,1070,7092,7007692,36608,-1821,-1555
Louisiana-Slidell,"Slidell At Home",70460,30.309443,-89.823169,TRUE,TRUE,TRUE,94928354,52101,3573,64280,3997,22613,1754,0.02,0.01,-1,-1,52273,12406,62183,12518,35247,6148,7645,1864,1819,1252,1314,971,273,152,22766,13329,6400,77,43,0,43,579,2295,621.1,22766,1729,1655,1147,1553,1906,1516,989,1118,1759,1957,940,1861,1148,1397,1333,758,36.3,14807,0.18,0.31,0.34,0.1,0.07,5397,0.13,10748,0.09,8479,150300,7645,5397,3772,1449,1625,817,2248,5112034,70460,1894,1999
Pennsylvania-York,"York At Home",17408,39.970676,-76.76938,TRUE,TRUE,FALSE,66997964,69728,6047,81593,4226,33664,1953,0.03,0.01,37386,8839,83434,8565,89695,5941,37395,4144,9639,1303,2111,1826,1570,1831,699,299,23778,20668,1073,31,500,0,2,275,1229,919.2,23778,1523,1298,1087,1659,1568,1585,1388,1964,1414,1333,1315,1682,1250,1716,1413,1583,42.6,17277,0.09,0.41,0.25,0.15,0.1,6331,0.03,12663,0.03,9964,171200,9639,6331,5219,2005,1112,558,3308,6668197,17408,291,491
"Michigan-Bloomfield Hills","Bloomfield Township At Home",48302,42.609592,-83.298383,TRUE,TRUE,TRUE,28621745,133427,9268,209059,14602,82271,6209,0.34,0.03,67607,56126,161970,20894,173625,18938,97712,8911,6212,430,787,564,531,1061,752,2087,15964,11846,1212,58,1692,0,117,481,558,1444.6,15964,872,993,419,744,1072,1113,1238,1508,923,1284,415,790,1036,1092,1182,1283,47.8,11481,0.03,0.06,0.18,0.34,0.39,4627,0.04,7432,0.04,6870,490500,6212,4627,4074,1658,553,294,1585,8611321,48302,-4781,-1164
Missouri-Ballwin,"Town And Country - Ballwin At Home",63011,38.600503,-90.485725,TRUE,TRUE,TRUE,37377254,103247,4902,130348,7678,49718,2871,0.16,0.02,-1,-1,114375,12141,130160,10866,64580,5872,14517,1082,2041,1952,1879,3293,1884,2386,38348,33008,679,11,1951,14,85,808,1792,2657.3,38348,2626,2793,1877,2088,2473,2992,2481,2898,2191,2152,1919,1944,2478,2639,2369,2428,43.3,26519,0.04,0.13,0.26,0.34,0.23,10765,0.02,19539,0.02,15147,281700,14517,10765,9262,3865,1503,610,3752,7778244,63011,1567,1954
Georgia-Columbus,"Columbus At Home",31909,32.508168,-84.942462,TRUE,TRUE,FALSE,47234234,60888,3664,71356,3010,28785,1460,0.03,0.01,30409,2343,65202,5510,80122,12363,45068,4561,15091,2431,3792,2823,2558,2501,556,430,39151,23058,8580,65,1320,0,59,1971,4098,2146.8,39151,2855,2114,3325,3236,2484,2285,1835,1974,3187,2457,3196,2817,2400,2075,1611,1300,33.4,25681,0.06,0.21,0.39,0.21,0.13,9847,0.1,18071,0.05,16466,160200,15091,9847,6647,3142,3200,2031,5244,5207072,31909,544,748
"New York-Albany","Albany At Home",12205,42.695011,-73.847962,TRUE,TRUE,FALSE,40980169,75514,4962,86084,3763,36482,1910,0.05,0.01,36198,22926,97091,7656,82266,6166,56045,4117,11061,1304,2293,1885,1876,2351,830,522,26941,21251,1437,43,2383,0,21,806,1000,1702.7,26941,1342,1414,1783,1877,1455,1861,1797,2192,1368,1672,1739,1885,1621,1818,1585,1532,41.2,19483,0.09,0.24,0.32,0.2,0.15,6902,0.05,14881,0.03,11844,209800,11061,6902,5107,2067,1795,689,4159,7051296,12205,-1872,-1326
"New York-Syracuse","Syracuse At Home",13204,43.068151,-76.173342,TRUE,TRUE,FALSE,11375517,34856,2626,49933,3251,22107,1777,0.02,0.01,27313,10077,45605,7031,32314,4646,26513,2920,7903,2904,2050,1337,603,774,100,135,18741,9219,4950,202,230,0,43,792,3305,4267,18741,1498,1094,2084,1565,752,1145,812,793,1505,972,1629,1266,1023,1341,678,584,31.9,12102,0.18,0.31,0.28,0.15,0.08,3449,0.36,8774,0.09,10224,77000,7903,3449,1211,470,2238,1457,4454,4995939,13204,-2707,-1865
Alabama-Trussville,"Trussville At Home",35235,33.606281,-86.640519,TRUE,TRUE,TRUE,36316866,56301,3757,64744,3955,25706,1683,0.01,0.01,42428,24841,57219,12116,61694,6480,47089,7471,8139,1393,2102,1991,1376,1018,146,113,21340,7621,11915,128,144,27,0,220,1285,1521.9,21340,1273,1298,1120,1846,1539,1635,1186,1473,1713,1291,1604,1387,1011,1285,944,735,36.8,14713,0.09,0.27,0.37,0.17,0.09,5549,0.11,11224,0.08,8994,119100,8139,5549,3137,1229,2412,999,2590,6450019,35235,-2375,-1915
Alabama-Montgomery,"Montgomery At Home",36117,32.386262,-86.208156,TRUE,TRUE,FALSE,140619036,64011,2259,84621,3838,35397,1608,0.06,0.01,20833,5285,58682,3714,86220,6272,64167,5192,22552,4133,4326,4512,3465,3503,1248,1365,54640,21017,27654,42,3449,0,0,1185,1293,1006.4,54640,3988,3200,5294,4038,3853,3470,2961,2686,3934,3490,3802,3144,3637,2943,2432,1768,34.9,35954,0.05,0.2,0.29,0.27,0.19,14082,0.1,28481,0.04,24479,180300,22552,14082,9879,4011,4203,2582,8470,4244687,36117,-1235,-914
Michigan-Saginaw,"Saginaw At Home",48604,43.486149,-83.978164,TRUE,TRUE,FALSE,64554572,46324,3718,56047,3013,19686,1091,0,0,19045,3102,48344,11843,61978,8509,44427,4096,4115,1008,1173,867,472,430,154,11,12307,9312,1422,43,201,0,14,183,1132,493.8,12307,640,1408,1632,567,653,693,525,660,515,1014,1341,534,505,735,476,409,26.9,6354,0.06,0.36,0.38,0.15,0.06,2610,0.15,6090,0.08,4491,81200,4115,2610,1884,642,726,353,1505,5849912,48604,-421,-296
Kentucky-Elizabethtown,"Elizabethtown At Home",42701,37.6848,-85.8784,TRUE,TRUE,TRUE,410878645,57680,3805,74224,3107,30678,1193,0.04,0.01,32337,15600,61938,6828,66009,5031,38081,5220,20424,4291,4816,3710,2480,3219,1163,745,50647,40045,4577,86,1349,126,145,2005,2314,319.3,50647,3322,3623,2520,3887,3340,3529,3241,2691,2595,3719,3696,3057,3413,3412,2630,1972,38.7,34272,0.09,0.28,0.37,0.14,0.12,13387,0.09,25492,0.05,22094,175500,20424,13387,9979,3696,3408,2024,7037,5536380,42701,271,212
Indiana-Merrillville,"Merrillville At Home",46410,41.4957,-87.3509,TRUE,TRUE,FALSE,76397185,57445,4126,67546,3114,28477,1412,0.01,0.01,50625,15535,58254,7075,72639,5024,37261,3205,15477,2854,3637,3597,2278,2319,582,210,37813,13573,16378,110,659,4,96,1266,5727,1281.9,37813,2708,2670,2271,2636,2860,2547,2152,2247,2354,2345,2631,2230,2241,2276,1869,1776,37.8,25424,0.1,0.33,0.33,0.16,0.09,9186,0.1,19805,0.08,16759,135100,15477,9186,5842,2341,3344,1921,6291,7790932,46410,413,673
Massachusetts-Seekonk,"Seekonk At Home",2771,41.796947,-71.327475,TRUE,TRUE,TRUE,47613581,90078,8450,115938,9740,45936,3397,0.13,0.03,-1,-1,96467,25052,109135,9695,48517,9353,6052,694,725,839,1057,1208,775,754,15441,14245,107,0,194,76,31,395,393,839.9,15441,706,1183,626,937,1175,1227,1234,1168,582,982,804,769,1176,1281,844,747,45,11433,0.08,0.21,0.3,0.26,0.15,4674,0.05,8796,0.03,6518,339300,6052,4674,3901,1507,773,361,1378,8494277,2771,30,840
"New York-Rochester","Rochester At Home",14623,43.088994,-77.610786,TRUE,TRUE,FALSE,49430639,51800,4993,61501,3425,23562,1315,0.02,0.01,22339,7659,62726,7400,69306,20208,39319,6330,8670,2011,2216,1625,1225,1145,314,134,25893,17373,2871,132,3512,0,17,552,1436,1356.7,25893,1210,2340,2931,1501,1125,1126,1054,1481,607,3170,3900,1461,969,868,1120,1030,27,13983,0.13,0.23,0.27,0.23,0.15,4248,0.1,13048,0.05,9294,127900,8670,4248,3041,1082,1207,383,4422,6343336,14623,-2918,-2158
Nevada-Henderson,"Henderson At Home",89052,35.99993,-115.11,TRUE,TRUE,TRUE,134590773,85021,4981,120942,6783,49435,2700,0.14,0.02,57278,30928,91809,10529,112484,5668,65071,5152,21981,2279,3890,3466,2833,4167,2225,3121,55096,35791,2700,159,7410,86,198,1842,6910,1060.2,55096,2706,3513,2332,3280,3724,3417,4091,5235,2915,3216,2844,3000,3942,3018,3555,4308,44.9,40751,0.04,0.19,0.34,0.26,0.17,14182,0.04,25042,0.05,24581,410500,21981,14182,11440,4112,2742,1526,7799,10514527,89052,31643,31283
"New Jersey-Cherry Hill","Cherry Hill At Home",8002,39.944529,-75.021585,TRUE,TRUE,TRUE,18634063,82285,5913,107821,10149,42930,3945,0.1,0.02,56333,47012,96453,19890,106172,17862,49726,11625,8956,1411,1333,1343,1115,1870,1031,853,22964,15594,1461,0,2949,0,125,701,2134,3191.8,22964,1145,1465,1042,1935,1451,1463,1686,1868,1148,1296,1400,1670,1523,1436,1203,1233,41.4,16708,0.08,0.21,0.3,0.24,0.17,5750,0.06,13135,0.04,9835,237600,8956,5750,4593,1916,1157,390,3206,8573420,8002,-1610,-1054
Louisiana-Shreveport,"Shreveport At Home",71105,32.44341,-93.732841,TRUE,TRUE,FALSE,23969751,55459,3395,77229,6739,37101,3517,0.05,0.02,44410,11453,50923,6611,76113,13196,54566,5104,9813,2020,2331,1831,1330,1224,578,499,20824,15717,3214,106,499,0,0,458,830,2250.1,20824,910,1002,1967,1785,1222,1001,1332,1523,1487,942,1986,1694,953,1146,1008,866,35.2,14832,0.05,0.21,0.29,0.27,0.18,4964,0.09,11221,0.03,11391,182700,9813,4964,3836,1370,1128,608,4849,7898883,71105,-2938,-2919
Michigan-Roseville,"Roseville At Home",48066,42.510899,-82.927968,TRUE,TRUE,TRUE,25531380,47605,2395,58961,2359,25405,1010,0.01,0,36991,2630,55762,3797,51067,2357,35321,2591,20176,4788,5826,4127,2579,2182,515,159,47507,34466,9549,193,745,12,202,1193,1147,4819.3,47507,2700,2741,3698,3126,3439,3517,2664,2800,2544,3036,3759,2928,3090,3176,2642,1647,38.4,33338,0.13,0.36,0.39,0.1,0.03,11940,0.12,24880,0.08,21219,86400,20176,11940,6605,2297,5335,2626,8236,7946796,48066,-653,628
Michigan-Troy,"Troy At Home",48083,42.534625,-83.109027,TRUE,TRUE,TRUE,22373314,77538,4010,93310,4063,39092,1748,0.07,0.01,66705,13927,90461,4880,92121,8504,36354,3614,9237,1668,1404,1394,1466,1761,868,676,22561,14812,976,31,5554,0,9,504,675,2611.7,22561,1031,1212,1480,1579,1586,1620,1443,1364,1094,1282,1808,1581,1578,1375,1520,1008,40.7,16370,0.07,0.2,0.24,0.29,0.21,5678,0.06,11604,0.04,9673,223800,9237,5678,4697,2063,981,305,3559,9061676,48083,-4781,-1164
Pennsylvania-Monroeville,"Monroeville At Home",15146,40.430905,-79.791807,TRUE,TRUE,TRUE,51031274,68803,4381,80619,3672,36130,1585,0.05,0.01,26923,10674,77500,8280,93431,5292,43740,3549,12206,1932,2575,2115,1785,2675,573,551,27678,20885,3362,12,1717,0,90,954,658,1404.7,27678,1339,1210,1678,1768,1794,2041,2008,2688,1328,1215,1592,1630,1506,2016,2053,1812,46.2,21155,0.04,0.26,0.29,0.25,0.16,7513,0.05,14808,0.05,13425,150300,12206,7513,5889,1939,1624,663,4693,7886363,15146,-2543,-151
Ohio-Columbus-North,"Columbus North At Home",43240,40.148722,-82.986761,TRUE,TRUE,TRUE,6496462,77736,10520,87604,7823,42056,3267,0.03,0.02,50481,16240,85742,11371,65857,11205,73466,31053,2048,135,390,481,363,397,216,66,4411,2515,350,35,1227,0,0,88,196,1758.6,4411,314,235,425,387,251,382,191,104,176,218,540,510,267,223,122,66,33.2,3127,0.01,0.19,0.23,0.32,0.25,1029,0.02,2818,0.01,2173,203200,2048,1029,807,440,222,133,1019,9169660,43240,-2967,628
Arkansas-Rogers,"Rogers At Home",72758,36.288537,-94.158151,TRUE,TRUE,FALSE,78803879,73405,4903,112787,6921,41261,2672,0.13,0.02,52273,15533,76715,8350,87226,9743,49514,8165,14907,2012,2681,2890,1981,2152,1189,2002,41523,26269,685,145,999,461,36,773,12155,1364.7,41523,3102,3123,3053,3292,3198,2308,1521,1740,3216,2930,2573,3356,3084,2369,1381,1277,34.4,26704,0.15,0.25,0.22,0.25,0.13,10808,0.06,21967,0.02,15793,225900,14907,10808,8751,4526,2057,1128,4099,10891745,72758,4823,4930
Michigan-Wixom,"Wixom At Home",48393,42.500503,-83.539191,TRUE,TRUE,TRUE,34328087,52335,3692,79377,4148,34392,1889,0.06,0.02,28661,10893,48000,5548,84954,17211,32600,9537,7256,1434,1939,1070,771,994,616,432,17054,12309,2476,40,1027,0,6,331,865,1286.7,17054,1094,1225,1448,1188,1344,1239,704,730,930,952,1088,1603,1052,1233,779,445,35.9,11791,0.08,0.22,0.32,0.26,0.12,4256,0.09,10337,0.04,7629,227500,7256,4256,3245,1481,1011,600,3000,10745685,48393,-4781,-1164
Arizona-Gilbert,"Gilbert At Home",85295,33.306661,-111.756926,TRUE,TRUE,TRUE,32738596,97472,4215,112877,4430,36264,1526,0.1,0.01,61989,16701,97037,3655,114209,8548,63980,13340,14789,691,1942,2430,2538,3913,1776,1499,47791,32935,2015,322,2422,190,110,1976,7821,3780.8,47791,3896,4100,3317,3677,4358,2171,1543,1170,3812,4553,3084,3852,3516,2460,1382,900,31.6,28205,0.03,0.16,0.35,0.31,0.15,11118,0.02,25813,0.04,15649,330300,14789,11118,8834,5276,2284,1463,3671,11649482,85295,57477,62997
"New Jersey-Wayne","Wayne At Home",7470,40.886681,-74.254785,TRUE,TRUE,TRUE,61571362,123204,4926,150601,4517,52523,1640,0.25,0.02,31326,29119,135877,10419,155098,9424,67083,7125,18350,1567,1777,1956,2046,3744,2747,4513,53954,40662,1046,0,4206,41,12,627,7360,2269.6,53954,3105,3451,3193,2961,3250,4003,3651,4511,2974,3497,3077,2733,3534,3993,3201,2820,42.9,37407,0.06,0.23,0.19,0.31,0.22,13581,0.03,27966,0.05,18845,468500,18350,13581,11532,4952,2049,930,4769,8420179,7470,-6045,-4208
Ohio-Beavercreek,"Beavercreek At Home",45440,39.698378,-84.105653,TRUE,TRUE,TRUE,24387342,75632,2234,95031,5795,40754,2491,0.08,0.02,25650,8306,75563,8079,101636,5210,60224,5623,8979,1367,1647,1410,1386,1574,887,708,21045,18287,1027,7,763,0,96,505,360,2235,21045,1175,1203,1341,1267,1345,1343,1357,1725,1242,1345,1418,1318,1200,1376,1218,1172,41.1,14924,0.04,0.19,0.31,0.25,0.21,5692,0.08,10941,0.04,9463,175900,8979,5692,4662,1758,1030,660,3287,6207286,45440,-973,-440
"New York-New Hartford","New Hartford At Home",13413,43.08915,-75.314787,TRUE,TRUE,FALSE,51504527,75204,6765,107044,10947,44813,4406,0.1,0.03,55882,48324,78571,19039,88421,7303,49357,4381,6393,684,1180,1314,1004,1025,574,612,15777,14237,228,51,598,11,6,225,421,793.4,15777,630,930,957,529,1301,1231,956,1974,691,1005,950,623,842,1250,704,1204,47.4,11316,0.04,0.21,0.27,0.23,0.25,3982,0.03,7991,0.02,7127,172300,6393,3982,3299,1224,683,337,2411,5074251,13413,-1058,-795
Pennsylvania-Lancaster,"Lancaster At Home",17601,40.07294,-76.322022,TRUE,TRUE,TRUE,86286900,74925,4784,101884,4396,40984,1801,0.1,0.01,39800,12715,83405,5082,97869,6699,54574,5865,20998,2430,4221,3856,3126,3713,1571,2081,52552,42033,1954,34,2252,0,66,1160,5053,1577.4,52552,2749,2911,3238,3281,3201,3639,3512,4358,3211,3197,2672,3504,3049,3193,3318,3519,43.1,37235,0.07,0.26,0.22,0.27,0.18,14598,0.04,28418,0.03,21801,232600,20998,14598,11991,4607,2607,1032,6400,7339389,17601,-852,-205
Florida-Clermont,"Clermont At Home",34711,28.549674,-81.740884,TRUE,TRUE,TRUE,108681206,72159,4261,82546,4291,30377,1626,0.05,0.02,40652,14358,78320,9555,83006,7201,47271,6713,21883,2943,4741,3971,3566,4183,1446,1033,61594,40600,5182,470,2162,64,727,704,11685,1467.9,61594,3190,3807,3270,3626,4691,4211,4315,5043,2891,4019,3544,3000,4243,3896,3832,4016,44.2,44475,0.08,0.26,0.35,0.2,0.11,16541,0.07,29606,0.03,24566,237300,21883,16541,13572,4697,2969,1417,5342,7468679,34711,11162,11377
"Pennsylvania-Whitehall Township","Whitehall Township At Home",18052,40.642174,-75.496067,TRUE,TRUE,FALSE,32831997,63976,5738,74546,3135,30526,1127,0.03,0.01,43167,28475,70984,6709,81930,5954,43008,3462,11140,1575,2774,2019,1853,2038,552,329,27678,18310,1856,5,1333,0,47,767,5360,2183.4,27678,1610,1679,1838,1798,1549,1921,1721,2215,1374,1521,2181,1847,1783,1838,1514,1289,40,19702,0.09,0.36,0.29,0.18,0.08,7571,0.04,15560,0.05,11513,188000,11140,7571,5437,1930,2134,987,3569,7349832,18052,-777,41
Illinois-Geneva,"Geneva At Home",60134,41.886,-88.311,TRUE,TRUE,TRUE,39746914,124103,8178,152537,9897,54744,3340,0.24,0.03,82639,68068,130684,7670,155594,8235,73119,6773,10409,657,1194,1209,1070,2005,1747,2527,29458,26454,138,0,645,0,33,428,1760,1919.5,29458,1678,2377,1288,1974,2203,2268,1624,1673,2222,2180,1090,1478,2599,2154,1574,1076,40.7,19572,0.03,0.15,0.2,0.36,0.27,8129,0.03,15555,0.04,10768,358600,10409,8129,7000,3452,1129,656,2280,5476897,60134,-3026,-3107
Massachusetts-Dedham,"Dedham At Home",2026,42.2437,-71.1637,TRUE,TRUE,TRUE,26537537,100680,5091,131621,7743,52961,3288,0.18,0.02,49875,15584,132448,11245,124418,7109,55156,7396,10026,1153,1346,1148,1326,1853,1381,1819,25265,19917,1727,21,689,8,175,519,2209,2465.8,25265,1404,1367,1533,1732,1603,1987,1694,2205,1322,1166,1610,1843,1356,1747,1289,1407,42.9,18600,0.05,0.21,0.21,0.28,0.25,6481,0.02,14141,0.04,10568,460900,10026,6481,5273,2055,1208,509,3545,6835039,2026,-336,2309
"New York-Greece","Greece At Home",14626,43.209209,-77.711805,TRUE,TRUE,FALSE,35309371,67749,3689,78888,2890,34166,1373,0.04,0.01,40714,12016,79055,5016,88982,9291,44097,2916,12737,2308,2455,2447,2050,2217,703,557,30292,24120,2127,32,1095,0,14,1050,1854,2222,30292,1357,1506,1870,1655,1912,2300,2234,2935,1331,1765,1863,1718,1552,2116,2028,2150,46.7,22764,0.09,0.3,0.3,0.19,0.12,7885,0.05,16473,0.04,13303,143900,12737,7885,5830,1648,2055,932,4852,5686486,14626,-2918,-2158
"Florida-Lake Mary","Lake Mary At Home",32746,28.7538,-81.36917,TRUE,TRUE,TRUE,56915157,87581,4542,116543,6288,45901,2550,0.13,0.02,33773,6120,86102,7033,105893,9013,71883,11890,17365,1777,2854,2797,2484,3444,1785,2224,45244,29492,3310,37,3573,21,468,944,7399,2058.9,45244,2349,2681,2503,3306,3588,3377,3172,2641,2284,2856,2616,2913,2922,2957,2828,2251,41.2,32554,0.03,0.16,0.3,0.32,0.18,12587,0.04,24259,0.04,18823,306600,17365,12587,10147,3417,2440,1448,4778,6780390,32746,1840,2676
"New York-Middletown","Middletown At Home",10941,41.460675,-74.373571,TRUE,TRUE,FALSE,82948367,76676,9680,97281,8645,36312,3144,0.08,0.02,59933,8934,71142,6575,107471,22311,48641,17646,4993,612,871,984,698,924,524,380,13786,6243,3347,2,704,0,54,325,3111,430.5,13786,708,975,936,672,1064,1075,642,622,683,926,1459,824,850,1051,862,437,38.2,9211,0.09,0.26,0.41,0.15,0.1,3442,0.06,7207,0.05,5446,257700,4993,3442,2691,1051,751,389,1551,6802129,10941,530,675
Indiana-Lafayette,"Lafayette At Home",47905,40.40016,-86.853867,TRUE,TRUE,FALSE,309304759,58975,2319,74967,3959,31152,1751,0.04,0.01,31994,8678,58077,4329,72720,5207,49401,4068,17010,3250,4069,3505,2206,2596,761,623,41631,33010,2428,46,618,0,49,1001,4479,348.6,41631,2737,2933,2883,3051,2316,2761,2400,2572,3113,2286,3147,2789,2072,2356,2183,2032,35.7,27516,0.1,0.28,0.3,0.2,0.12,10272,0.09,21693,0.05,17849,155300,17010,10272,7675,2641,2597,1663,6738,5285076,47905,-1159,911
Ohio-Niles,"Niles At Home",44446,41.1824,-80.7558,TRUE,TRUE,TRUE,35117853,43052,3992,56358,3745,25554,1519,0.02,0.01,27583,14413,52079,5873,50068,9351,38825,4792,9074,2298,2640,2078,875,855,178,150,20151,18279,1090,0,136,0,0,275,371,1486.2,20151,971,1228,1372,947,1027,1691,1503,1874,977,981,1369,942,1317,1606,1286,1060,45,14456,0.12,0.46,0.27,0.12,0.04,5031,0.12,10090,0.06,10058,85900,9074,5031,3314,914,1717,910,4043,5515970,44446,-98,-115
"Iowa-Council Bluffs","Council Bluffs At Home",51501,41.228526,-95.87854,TRUE,TRUE,TRUE,62523420,48946,2356,58828,2821,23804,1183,0.01,0.01,42083,7147,56912,4352,51393,4452,34735,3141,13914,2948,4149,3259,1771,1312,298,177,35426,28067,864,248,446,10,0,792,4999,1467.5,35426,2318,1924,2704,2463,1995,2640,1985,1838,2481,2441,2577,2643,2167,2081,1772,1397,36.8,23682,0.17,0.38,0.34,0.08,0.03,8549,0.11,18248,0.04,15114,101300,13914,8549,5635,2010,2914,1650,5365,4605652,51501,-216,-224
Connecticut-Manchester,"Manchester At Home",6042,41.798209,-72.556885,TRUE,TRUE,TRUE,27028312,80516,3606,90427,4470,38605,2202,0.05,0.02,46125,18409,87464,8015,82943,5305,53148,5006,9632,1096,1475,1715,2256,1929,639,522,23144,12454,2851,136,3887,0,395,756,2665,2217.8,23144,1793,1006,1895,2201,1400,1376,1344,1382,1623,614,1763,2433,1231,1067,1247,769,34.6,17043,0.06,0.23,0.26,0.25,0.2,6005,0.05,13005,0.04,10239,174000,9632,6005,4521,1923,1484,649,3627,9176975,6042,-562,-299
Indiana-Evansville,"Evansville At Home",47715,37.977241,-87.494677,TRUE,TRUE,FALSE,60133066,48866,3581,71150,5609,35664,2655,0.04,0.01,26187,6607,54332,6016,66494,9794,33345,2715,13053,3239,3424,2472,1412,1400,643,463,26196,21531,3131,56,240,0,70,464,704,1128.3,26196,1400,1264,2326,1631,1270,1999,1738,2277,1442,1117,2400,1788,1325,1229,1634,1356,39.2,18901,0.05,0.26,0.34,0.23,0.12,6498,0.09,14864,0.04,14147,144400,13053,6498,4751,1535,1747,973,6555,5498799,47715,-47,170
Maryland-Frederick,"Frederick  At Home",21701,39.446045,-77.389114,TRUE,TRUE,TRUE,100842814,83565,3277,102164,3416,43286,1394,0.09,0.01,31141,9831,87962,4601,98006,9158,61003,5564,15432,1733,2500,2553,2300,3064,1845,1437,37017,27867,4325,12,779,0,0,902,3132,950.7,37017,1988,2199,2965,2628,2383,2733,2197,2387,1682,2168,2572,2805,2143,2472,2016,1679,38.7,26401,0.06,0.23,0.25,0.25,0.21,9372,0.04,21644,0.04,16734,301600,15432,9372,7004,2716,2368,1110,6060,7760119,21701,3280,3605
Georgia-Augusta,"Augusta At Home",30909,33.469062,-82.089422,TRUE,TRUE,TRUE,67393479,52247,3240,72782,3931,31326,1915,0.05,0.01,18902,5061,53660,4500,59710,15448,50644,6174,16787,3606,4357,3163,2309,2048,518,786,41261,17329,19369,68,1242,12,153,1024,2064,1585.7,41261,2500,2678,4419,3105,2331,2344,2704,2445,2796,1707,4033,2864,1790,1873,1981,1691,33.3,28178,0.1,0.23,0.32,0.2,0.15,9234,0.09,20913,0.06,22352,159400,16787,9234,6103,2018,3131,1580,7553,6213076,30909,-76,6
Maryland-Gaithersburg,"Gaithersburg At Home",20878,39.1125,-77.2515,TRUE,TRUE,TRUE,56748974,132917,4938,165079,5797,59980,2258,0.3,0.02,60175,19654,119852,12662,153438,11909,106108,11894,22404,1601,1790,2478,2360,4340,3023,6812,63030,30176,6338,213,16150,0,132,2217,7804,2876.7,63030,4118,3907,3484,4085,4994,5098,3967,2358,4041,4253,3373,4208,4238,4806,3784,2316,40.1,43117,0.06,0.09,0.15,0.32,0.39,17143,0.04,36130,0.04,23312,568900,22404,17143,14021,6433,3122,1671,5261,6680294,20878,-9423,-3724
Georgia-Pooler,"Pooler At Home",31322,32.1149,-81.252,TRUE,TRUE,FALSE,75413701,82477,12849,94805,6700,35992,2703,0.07,0.03,45507,32319,76891,4899,108313,11858,53611,14029,9655,1055,1521,1574,1702,2268,881,654,26126,14878,7360,128,666,174,262,789,1869,897.3,26126,1511,1806,2591,1789,2116,2178,1163,708,1533,1893,1470,2136,1607,2184,873,568,35.9,17381,0.07,0.2,0.35,0.27,0.11,6789,0.05,15619,0.06,10020,199500,9655,6789,5406,1883,1383,1017,2866,9840070,31322,-994,-690
"Arizona-Tempe South","Tempe At Home",85284,33.3372,-111.9343,TRUE,TRUE,TRUE,20120879,122583,11051,151959,9494,57032,3398,0.23,0.03,69375,27273,113261,14222,156357,11052,93594,15059,7306,488,573,756,941,1641,1245,1662,19909,14209,507,381,1633,46,86,450,2597,2562.7,19909,905,1354,1239,1116,1382,1785,1401,921,1078,1088,1030,1621,1270,1396,1559,764,41.5,14491,0.03,0.07,0.24,0.36,0.3,5440,0.03,11654,0.04,7697,434400,7306,5440,4713,1776,727,303,1866,6168633,85284,57477,62997
Florida-Lutz,"Lutz At Home",33559,28.1801,-82.4169,TRUE,TRUE,TRUE,32743478,68895,7951,83155,6074,32460,2855,0.06,0.02,31597,16212,72996,11968,78918,7584,52039,13722,6743,1116,1361,1330,1116,843,557,420,18473,11349,2311,0,725,0,27,374,3687,1461.2,18473,944,895,1961,1285,1292,1457,796,802,1119,1096,1927,1337,1067,1232,577,686,34.9,12476,0.07,0.23,0.31,0.24,0.15,3998,0.03,10957,0.05,7304,206200,6743,3998,2980,1188,1018,419,2745,11123251,33559,9183,14449
"New Jersey-Brick","Brick At Home",8724,40.0874,-74.1152,TRUE,TRUE,TRUE,35334005,79656,3620,105625,5207,42828,1902,0.1,0.02,47023,12954,93609,11806,95853,7687,50651,3783,16510,1888,3365,2569,2184,3381,1473,1650,41293,35296,1005,10,629,0,20,635,3698,3026.8,41293,2200,1935,2443,2116,2593,3351,3136,3225,1843,2648,2980,2418,2332,3001,2735,2337,44.6,30249,0.07,0.3,0.3,0.23,0.11,10961,0.03,22759,0.05,17941,289700,16510,10961,8448,2833,2513,837,5549,7723800,8724,-1619,-1428
Pennsylvania-Harrisburg,"Harrisburg  At Home",17112,40.3352,-76.7914,TRUE,TRUE,FALSE,178698604,84083,5967,103740,6221,41851,2341,0.09,0.02,37206,23185,101938,9055,96280,9375,62004,5953,14259,1288,2275,2591,2151,3438,1250,1266,35818,29477,2877,5,1191,0,0,1023,1245,519.1,35818,1905,2073,1551,2255,2303,2526,3100,2153,1941,2388,2000,2110,2699,2377,2697,1740,43.5,26081,0.04,0.31,0.26,0.25,0.15,10103,0.01,19265,0.03,15169,220900,14259,10103,8476,3198,1627,725,4156,6841506,17112,-52,673
Illinois-Elmhurst,"Elmhurst At Home",60126,41.892644,-87.962228,TRUE,TRUE,TRUE,28768432,117258,4567,160941,5771,56850,2152,0.25,0.02,-1,-1,147809,11985,143958,9678,59871,4208,17053,1186,2107,2103,1936,3186,2327,4208,49027,40437,559,26,2931,11,23,938,4102,4413.8,49027,3517,3585,2447,2735,3548,3629,2609,3101,3306,3840,2483,2660,3403,3445,2624,2095,39.9,31674,0.04,0.15,0.22,0.33,0.26,12624,0.03,25355,0.04,18026,424600,17053,12624,10879,5545,1745,804,4429,7895323,60126,-10009,-7959
Maryland-Crofton,"Crofton At Home",21114,39.0112,-76.6802,TRUE,TRUE,TRUE,14410547,122728,3942,141654,5816,51510,2395,0.19,0.03,-1,-1,125354,5092,137390,15322,92794,13544,9812,246,659,1199,1424,2940,1513,1831,27303,17909,4776,10,1502,0,51,1387,1668,4907.1,27303,1708,1883,1392,2519,2015,1703,1417,1083,2202,2045,1536,2186,1957,1439,1379,839,35.8,18244,0.03,0.15,0.24,0.32,0.25,7500,0.02,15413,0.03,10091,378600,9812,7500,5704,2723,1796,1192,2312,9553389,21114,1162,1598
Colorado-Longmont,"Longmont  At Home",80503,40.1559,-105.1624,TRUE,TRUE,TRUE,235861729,97356,5117,133160,9503,52219,3688,0.18,0.02,39107,28013,96494,8878,129630,8717,70663,9940,13681,1342,2141,1751,1754,2678,1553,2462,35453,28926,288,94,1489,0,16,704,3936,389.3,35453,1754,2528,2091,1813,2473,2935,2431,2062,2000,2608,1821,2125,2299,2666,2202,1645,42.1,24533,0.04,0.13,0.23,0.36,0.25,9524,0.04,19098,0.04,14459,485400,13681,9524,7933,3107,1591,964,4157,5789917,80503,-42,896
"California-Foothill Ranch","Foothill Ranch At Home",92610,33.6748,-117.6649,TRUE,TRUE,FALSE,25461734,129270,4633,158738,10518,55169,4235,0.24,0.04,-1,-1,129856,8077,140313,9065,72628,18537,5603,165,459,588,614,1542,866,1369,16360,8409,520,0,4815,0,12,911,1693,1664.2,16360,1306,1092,906,1665,1298,1313,576,396,1158,1108,888,1274,1356,1178,546,300,36.3,10972,0.03,0.08,0.27,0.36,0.27,4418,0.01,9604,0.04,5882,739700,5603,4418,3602,2017,816,413,1185,5955948,92610,-21358,-15180
Georgia-Newnan,"Newnan At Home",30265,33.3958,-84.7121,TRUE,TRUE,TRUE,110252628,88878,6554,105309,4593,38817,1833,0.1,0.02,33681,7794,91822,9102,104637,9581,64344,8931,12810,1247,1821,1958,2143,2870,1495,1276,35096,25229,5310,123,1515,0,11,466,2442,824.5,35096,2214,2678,2078,2235,2939,2528,1892,1835,2301,2557,1729,1964,2670,2518,1670,1288,39.6,23585,0.06,0.26,0.29,0.27,0.12,9634,0.05,18728,0.03,13356,222900,12810,9634,7520,3048,2114,1147,3176,7989594,30265,1811,1921
California-Riverside,"Riverside At Home",92507,33.971,-117.3249,TRUE,TRUE,FALSE,52351719,51288,3225,66172,3146,21114,1536,0.04,0.01,17179,3003,53438,2508,61064,7962,52724,9692,17046,4288,4066,3364,2169,1881,672,606,59152,14935,4236,455,7303,205,193,1735,30090,2926.4,59152,3244,5044,9134,3566,2683,2525,1854,1583,3459,5515,7956,4466,2129,2710,1934,1350,26.4,31744,0.19,0.23,0.29,0.16,0.13,9649,0.16,29087,0.1,18679,331500,17046,9649,5832,2477,3817,1759,7397,8201805,92507,13170,13473
"California-San Diego","San Diego  At Home",92128,32.9993,-117.0718,TRUE,TRUE,FALSE,28967730,103238,4234,123553,4883,51182,2164,0.16,0.02,64852,18979,119407,5525,120672,8910,64487,6095,20810,1694,2290,2972,3079,4987,2455,3333,51357,29756,1187,40,11872,204,261,2134,5903,4591.8,51357,2761,2585,2743,3402,3166,4042,3843,4451,2972,2541,2630,3279,3310,3574,2979,3079,44,38473,0.03,0.11,0.25,0.35,0.27,14018,0.03,26690,0.05,21567,623100,20810,14018,11564,4768,2454,854,6792,7800504,92128,-19731,-12998
"Illinois-Lake in the Hills","Lake in the Hills At Home",60156,42.1947,-88.3665,TRUE,TRUE,TRUE,29255589,92932,3129,107456,4152,36782,1634,0.1,0.02,71076,23792,91145,5980,112781,9946,49286,9621,9691,641,1246,1752,1656,2292,1125,979,28809,22293,641,24,1857,0,0,515,3479,2550.5,28809,1820,2572,2033,2055,2323,1994,1360,642,2067,2241,1952,1938,2167,1877,1205,563,34.8,17842,0.05,0.23,0.34,0.29,0.09,7520,0.04,16992,0.03,9894,227100,9691,7520,6007,3111,1513,886,2171,4525192,60156,-1381,-1374
Ohio-Mentor,"Mentor At Home",44060,41.678,-81.3285,TRUE,TRUE,TRUE,102787049,72521,3364,86817,2450,36815,1087,0.05,0.01,49500,14782,90443,3231,85246,5184,46182,2802,25225,2916,5619,4369,4081,4750,2137,1353,60134,56458,500,21,939,0,153,687,1376,1515.2,60134,2549,3199,3186,3072,3560,4874,5172,5246,3179,3680,3006,3259,3588,4547,4449,3568,46.9,44419,0.07,0.29,0.32,0.2,0.12,16488,0.03,32163,0.03,26532,170600,25225,16488,13391,4442,3097,1295,8737,7448885,44060,281,350
"New Jersey-Turnersville","Turnersville At Home",8012,39.7843,-75.0553,TRUE,TRUE,TRUE,38564076,74573,3921,89183,3150,35236,1255,0.06,0.01,48293,15189,73973,14761,96554,9747,50340,4131,14658,1861,2860,2651,2153,2903,1314,916,38504,28826,4188,13,1607,0,24,1132,2714,2586,38504,2072,1996,2745,2728,2372,2865,2420,2219,2435,1957,3127,2536,2013,2609,2573,1837,39.3,27319,0.08,0.32,0.31,0.21,0.09,9779,0.06,21343,0.05,15853,204600,14658,9779,7186,2584,2593,1249,4879,7479347,8012,-86,-25
"Indiana-Indianapolis NW","Indianapolis  At Home",46268,39.8682,-86.2123,TRUE,TRUE,TRUE,34364138,52340,4613,64380,4129,29332,1779,0.02,0.01,34786,8193,61195,6539,61925,4645,30299,1806,10972,2303,3022,2213,1509,1299,443,183,25443,10091,11017,29,262,0,7,680,3357,1917.6,25443,1690,1432,1762,2252,1771,1480,1369,1763,1395,1880,1905,2090,1243,1355,1063,993,35.6,17522,0.09,0.22,0.31,0.26,0.12,5097,0.1,14334,0.06,11777,141800,10972,5097,3514,1388,1583,853,5875,6199734,46268,-4866,-107
Ohio-Cincinnati,"Cincinnati  At Home",45209,39.1516,-84.4278,TRUE,TRUE,TRUE,6127807,73377,9126,91478,5736,49641,2961,0.07,0.02,38780,9633,92482,8186,81023,14998,31023,12841,5970,998,914,1123,878,1101,514,442,11225,9053,1236,0,465,0,0,154,317,4744.4,11225,334,240,1989,1098,575,382,592,532,399,385,1645,1296,590,523,435,210,31.6,8517,0.04,0.12,0.18,0.37,0.29,2070,0.02,8385,0.03,6444,265200,5970,2070,1797,684,273,68,3900,6415470,45209,-1811,-740
Arizona-Scottsdale,"Scottsdale At Home",85260,33.6013,-111.8867,TRUE,TRUE,TRUE,37583395,86746,3661,119300,5152,56096,2520,0.15,0.02,67604,16524,105990,19191,104789,11144,62971,8558,18143,1886,2843,2997,2555,3182,2056,2624,39861,32822,892,126,2284,30,67,683,2957,2746.9,39861,1651,1722,2592,2322,2746,2993,3097,3602,2076,2116,1981,2425,2497,2719,2554,2768,45.8,30242,0.02,0.14,0.24,0.34,0.25,9672,0.02,22077,0.04,21126,439000,18143,9672,7747,2731,1925,1044,8471,7762849,85260,57477,62997
Ohio-Loveland,"Loveland At Home",45140,39.2445,-84.2588,TRUE,TRUE,TRUE,119999166,94188,5611,118084,3874,43815,1636,0.14,0.02,44167,17516,96807,10662,116910,3595,66632,4382,20684,2070,3051,3436,2225,4576,2466,2860,56357,50173,934,34,1755,0,215,1109,2137,1216.4,56357,3618,4020,2460,3850,3894,4151,3441,2514,3612,4647,2678,3969,3567,4351,3170,2415,39.4,37907,0.04,0.23,0.26,0.29,0.19,15512,0.04,30421,0.03,21264,244800,20684,15512,13252,5856,2260,1013,5172,5849871,45140,-1811,-740
"Ohio-Huber Heights","Huber Heights At Home",45424,39.8353,-84.1123,TRUE,TRUE,TRUE,81558660,66080,2959,77004,2944,29177,1280,0.03,0.01,30479,4536,66949,7590,79948,4948,54615,4347,19294,2698,4395,3808,3572,3212,1134,475,51307,37721,7906,334,1574,0,94,2456,1222,1629.3,51307,3559,3476,3339,3253,3282,3350,3117,2973,3646,3416,3379,3061,3150,3197,2856,2253,37.2,33975,0.08,0.28,0.37,0.16,0.11,13951,0.08,25724,0.06,20631,122300,19294,13951,10077,3752,3874,2415,5343,6872475,45424,-973,-440
"Florida-Palm Beach Gardens","Palm Beach Gardens At Home",33403,26.8035,-80.0756,TRUE,TRUE,TRUE,8322097,58371,5323,66960,5515,24432,2164,0.01,0.01,25800,12168,64100,12999,66462,3956,38194,11660,4208,748,1019,973,547,671,224,26,12794,5133,5511,0,332,38,98,479,1203,3981.7,12794,1018,659,729,1104,760,898,614,784,977,610,1012,934,795,861,615,424,36.5,8817,0.17,0.25,0.31,0.2,0.08,2568,0.11,7095,0.05,5060,198100,4208,2568,1744,799,824,386,1640,8268224,33403,6712,14460
Florida-Clearwater,"Clearwater At Home",33763,28.0033,-82.744,TRUE,TRUE,TRUE,9026750,44790,3111,58098,3920,29591,1965,0.02,0.01,-1,-1,71411,6626,52308,6086,36041,2061,9298,2303,2846,1709,992,985,323,140,19730,15173,662,14,404,9,0,566,2902,5661,19730,729,682,928,997,752,1244,2035,3432,883,526,1036,1043,1040,1034,1287,2082,56,15987,0.09,0.33,0.3,0.17,0.11,4218,0.08,8944,0.05,11245,128400,9298,4218,3184,879,1034,266,5080,6362023,33763,5351,6687
"Ohio-North Canton","North Canton At Home",44720,40.9014,-81.4317,TRUE,TRUE,TRUE,88199958,68788,2327,89697,3322,37726,1631,0.07,0.01,27350,20109,76113,6316,93877,6178,45009,4434,16200,2309,3494,2843,2342,2944,1170,1098,38810,35910,616,31,940,27,55,659,572,1139.7,38810,1901,2059,2342,2339,2176,3032,2824,3341,2212,2324,2430,2334,2197,2693,2414,2192,43.4,28027,0.04,0.28,0.31,0.23,0.15,10365,0.05,20675,0.03,16997,174600,16200,10365,8344,2962,2021,1013,5835,8410967,44720,-545,-518
"Illinois-Schaumburg West","Schaumburg West At Home",60194,42.0336,-88.1115,TRUE,TRUE,TRUE,9378964,81630,4511,97579,5827,39807,2582,0.07,0.02,32353,12322,91476,13305,87692,7837,54858,6825,7756,973,1138,1235,1540,1440,921,509,19525,10485,884,30,4885,0,61,446,2734,5391.8,19525,1177,954,1199,1534,1394,1378,1263,1396,1309,943,1001,1495,1224,1430,1084,744,40.4,14392,0.05,0.21,0.28,0.32,0.14,4916,0.05,11183,0.05,8312,225800,7756,4916,3939,1728,977,522,2840,5768963,60194,-52810,-41173
Georgia-Athens,"Athens At Home",30606,33.9396,-83.4288,TRUE,TRUE,TRUE,78926770,51615,2884,83860,4642,34591,2011,0.07,0.01,17961,4019,56124,4414,71923,14075,51344,9860,18389,4889,4000,2728,1835,2326,1249,1362,45457,28007,10733,15,1568,43,226,709,4156,1491.7,45457,2203,2595,4984,3559,2408,2393,2147,2551,2681,2482,5259,3687,2555,2239,2064,1650,32.9,28619,0.1,0.18,0.23,0.23,0.27,9948,0.13,24922,0.05,19858,230000,18389,9948,7435,3001,2513,1391,8441,5937484,30606,205,531
"Idaho-Coeur D' Alene","Coeur D' Alene At Home",83815,47.7249,-116.7891,TRUE,TRUE,FALSE,41946888,57120,4134,69191,4133,28746,1743,0.03,0.01,21000,17560,64469,6755,66048,10223,46052,7399,14343,2962,3264,3574,1354,2090,699,400,35142,30843,109,708,457,0,12,901,2112,2169.8,35142,2474,1708,1965,2518,2329,1971,2419,2448,2589,2105,2322,2446,1975,2185,1697,1991,38.2,23994,0.07,0.25,0.41,0.19,0.08,9103,0.1,16913,0.03,14898,251700,14343,9103,7162,2901,1941,1033,5240,7365672,83815,4277,4159
Indiana-Bloomington,"Bloomington At Home",47404,39.195,-86.5757,TRUE,TRUE,FALSE,132836282,38731,2217,53817,2865,24148,1377,0.02,0.01,12638,2356,44355,5554,56584,9122,41080,7626,10067,3537,2467,1480,1063,1010,307,203,23832,20251,863,32,835,15,27,1037,772,464.7,23832,987,933,3455,1559,1029,1433,1212,971,1111,1240,3867,1600,1074,1319,1237,805,30.6,14683,0.09,0.28,0.28,0.21,0.14,4842,0.16,13231,0.07,11033,160000,10067,4842,3434,1084,1408,866,5225,4690788,47404,-282,936
"Pennsylvania-Willow Grove","Willow Grove  At Home",19090,40.1568,-75.1269,TRUE,TRUE,TRUE,13917840,77702,4168,91166,4806,35810,1949,0.06,0.02,-1,-1,90242,8278,84129,7048,58294,6073,7049,912,956,1537,1204,1356,660,424,18357,12583,2834,38,955,0,33,993,921,3416.1,18357,1036,1174,1047,1429,1119,1324,1220,1199,831,1270,1499,1166,1182,1197,895,769,39.1,12543,0.06,0.24,0.29,0.25,0.15,4580,0.06,10126,0.05,7575,258400,7049,4580,3409,1407,1171,432,2469,7054021,19090,1698,3282
Illinois-Crestwood,"Crestwood At Home",60445,41.635,-87.7362,TRUE,TRUE,TRUE,17911385,60765,5166,68963,3685,29353,1449,0.01,0.01,41413,29577,70833,9039,70603,5402,36989,8509,10500,2067,2272,2151,1584,1626,660,140,25810,17691,2123,0,746,12,0,500,4738,3732.1,25810,1492,1189,1759,1514,1777,1611,1942,2133,1209,1138,1915,1960,1692,1764,1542,1173,42.7,19012,0.1,0.36,0.36,0.13,0.05,6017,0.06,13444,0.05,11675,152000,10500,6017,4256,1430,1761,733,4483,8219612,60445,-52810,-41173
California-Clovis,"Clovis At Home",93612,36.8149,-119.7106,TRUE,TRUE,FALSE,16936951,44105,2826,58679,4200,23444,1686,0.01,0.01,21779,9697,50890,7467,50554,7730,38277,4980,13491,3441,4076,2680,1505,1138,487,164,35140,16095,1345,133,2471,269,27,1172,13628,5373.6,35140,2554,2066,2790,2851,1731,2080,1736,1858,3065,2235,2947,2451,1689,2323,1466,1298,33,22374,0.14,0.26,0.43,0.13,0.06,8323,0.16,16893,0.08,14177,209000,13491,8323,4370,1874,3953,2065,5168,8209258,93612,-348,131
Nebraska-Lincoln,"Lincoln  At Home",68512,40.7388,-96.7076,TRUE,TRUE,FALSE,23531197,79618,3880,109868,6379,43668,2483,0.1,0.02,43854,18993,84250,12542,96589,5769,59831,3130,5445,543,1063,944,910,992,440,553,13822,11360,555,31,845,0,0,517,514,1521.3,13822,898,997,981,789,1090,886,750,581,859,1059,1014,830,1007,881,669,531,37,8912,0.05,0.15,0.32,0.31,0.18,3766,0.05,7884,0.03,5543,231200,5445,3766,2969,1321,797,466,1679,7539132,68512,36,835
Montana-Billings,"Billings At Home",59102,45.7757,-108.5802,TRUE,TRUE,FALSE,38251798,59569,2784,76822,3780,34612,1770,0.04,0.01,38516,5866,64191,3816,71787,3638,42405,5241,20748,4032,4706,4351,2915,2857,1022,865,46611,41432,303,1028,636,41,4,1222,1945,3156,46611,2609,2465,3361,2874,2479,2895,3134,4571,2789,2938,3004,3061,2211,2572,2833,2815,40.5,32906,0.05,0.27,0.3,0.26,0.13,12211,0.08,24629,0.02,22142,219300,20748,12211,9314,3334,2897,1794,8537,5748813,59102,858,901
Arizona-Tucson,"Tucson  At Home",85711,32.2152,-110.8834,TRUE,TRUE,TRUE,22146810,41426,1928,53908,1925,23017,868,0.01,0,20244,4777,43793,4468,52116,6076,37638,6320,16837,5197,4394,3281,1685,1527,565,188,40403,19370,2339,591,1427,11,119,1035,15511,4725,40403,2661,2388,3438,2952,2335,2734,2163,2305,2517,2748,3063,2597,2085,2527,2383,1507,35.7,26575,0.13,0.24,0.33,0.17,0.14,9514,0.18,21207,0.08,19369,157600,16837,9514,6270,2174,3244,1812,7323,7999318,85711,8801,10005
"Maryland-Glen Burnie","Glen Burnie  At Home",21061,39.1618,-76.6297,TRUE,TRUE,TRUE,31451335,68493,3244,82592,3290,32897,1418,0.05,0.01,55481,14957,75060,4550,81404,6271,42684,6756,20948,3211,4285,3852,3256,3814,1591,939,53860,30678,12830,144,2557,0,219,2036,5396,4435.3,53860,3634,2858,4876,3968,3169,3788,2903,2804,3453,3467,4366,3921,2956,3174,2571,1952,35.8,36001,0.11,0.33,0.32,0.16,0.08,13176,0.07,30031,0.05,22535,254900,20948,13176,8406,3538,4770,2340,7772,6840095,21061,1162,1598
Indiana-Avon,"Avon  At Home",46123,39.7629,-86.3996,TRUE,TRUE,TRUE,79398557,92972,4209,110050,5742,39426,2310,0.08,0.02,39659,12690,97536,8923,114850,12734,59077,10978,12803,904,1740,1756,2597,3244,1519,1043,36616,29241,2511,121,1319,0,0,1026,2398,1194.4,36616,2283,2830,1664,2594,2571,2451,2148,1767,1985,3346,2478,2603,2493,2331,1792,1280,36.7,23863,0.05,0.23,0.28,0.31,0.14,9986,0.04,20323,0.05,13355,198400,12803,9986,7842,3684,2144,1191,2817,6685956,46123,2539,2812
Florida-Ellenton,"Ellenton At Home",34222,27.5363,-82.505,TRUE,TRUE,TRUE,13612775,54718,7199,66771,5553,31075,2804,0.02,0.02,-1,-1,76935,16640,63217,5858,42595,7346,5236,1027,1425,1128,609,745,190,112,11659,9601,452,18,199,0,116,70,1203,2218.3,11659,387,413,261,554,457,1027,1265,1964,244,818,180,398,445,748,1070,1428,59.2,9381,0.07,0.33,0.41,0.13,0.06,3336,0.06,4499,0.09,7415,101700,5236,3336,2953,534,383,153,1900,8884164,34222,8954,9664
